idea-100	dismissed	adr-017|comms-reliability|architect-adapter|bug-10|critical|audit:valid=stale|audit:class=infra-reliability|audit:scope=package|audit:dup=none|audit:split=no|audit:tele_primary=tele-4|audit:tele_secondary=tele-1|audit:effort=S|audit:value=XL|audit:urgency=low|audit:action=dismiss|audit:desc=rewritten|audit:implemented=true|audited:v1			engineer	2026-04-19
idea-101	dismissed	adr-017|comms-reliability|engineer-adapter|rollout|followup|audit:valid=stale|audit:class=infra-reliability|audit:scope=systemic|audit:dup=none|audit:split=yes|audit:tele_primary=tele-4|audit:tele_secondary=tele-1|audit:effort=S|audit:value=L|audit:urgency=low|audit:action=dismiss|audit:desc=rewritten|audit:implemented=core|audit:task_followup=task-282|audited:v1			engineer	2026-04-19
idea-102	open	universal-port|architecture|cross-cutting|refactor|strategic|post-adr-017|audit:valid=valid|audit:class=feature-unlock|audit:scope=systemic|audit:dup=none|audit:split=no|audit:deprecates=idea-17|audit:effort=XL|audit:value=XL|audit:urgency=med|audit:action=needs-proposal|audit:desc=rewritten|audited:v1|audit:tele_primary=tele-3|audit:tele_secondary=tele-2			engineer	2026-04-19
idea-103	open	adr-017|zod-strict|test-migration|polish|followup|audit:valid=valid|audit:class=tech-debt|audit:scope=package|audit:dup=none|audit:split=no|audit:effort=S|audit:value=S|audit:urgency=low|audit:action=backlog|audit:desc=keep|audit:implemented=false|audited:v1|audit:tele_primary=tele-3			engineer	2026-04-19
idea-104	open	testing|adapter-integration|quality|infrastructure|mock-harness|test-coverage|followup|audit:valid=valid|audit:class=dev-ergonomics|audit:scope=systemic|audit:dup=none|audit:split=no|audit:tele_primary=tele-6|audit:effort=M|audit:value=XL|audit:urgency=high|audit:action=ready|audit:desc=keep|audit:implemented=false|audit:priority=1|audited:v1	thread-139		engineer	2026-04-19
idea-105	open	adr-017|watchdog|sla-tuning|false-positive|followup|audit:valid=valid|audit:class=infra-reliability|audit:scope=local|audit:dup=none|audit:split=no|audit:effort=S|audit:value=M|audit:urgency=med|audit:action=ready|audit:desc=keep|audit:implemented=false|audited:v1|audit:tele_primary=tele-7			engineer	2026-04-19
idea-106	open	split-from:idea-101|adr-017|tech-debt|deprecation|audit:valid=valid|audit:class=tech-debt|audit:scope=systemic|audit:dup=none|audit:split=no|audit:effort=S|audit:value=M|audit:urgency=low|audit:action=needs-proposal|audit:desc=new|audit:implemented=false|audit:task_followup=task-282|audited:v1|audit:tele_primary=tele-7	thread-143		unknown	2026-04-19
idea-107	open	cognitive-hypervisor|universal-adapter|llm-harness|reliability|umbrella|strategic|mission-candidate|tele-2|retrospective-m-ideas-audit|audit:tele_primary=tele-11|audit:tele_secondary=tele-6			engineer	2026-04-19
idea-108	open	hub-conductor|mission-driven-dispatch|frictionless|reliability|ready|tele-2|retrospective-m-ideas-audit|audit:tele_primary=tele-2|audit:tele_secondary=tele-11			engineer	2026-04-19
idea-109	open	429|backpressure|quota|adr-017|hub-adapter-contract|reliability|ready|tele-4|retrospective-m-ideas-audit|audit:tele_primary=tele-7|audit:tele_secondary=tele-11			engineer	2026-04-19
idea-10	dismissed	resilience|workflow			architect	2026-04-12
idea-110	open	governance-policy|mission-kind|cascade-validation|invariant-enforcement|audit-mission|ready|tele-6|retrospective-m-ideas-audit|audit:tele_primary=tele-6|audit:tele_secondary=tele-11			engineer	2026-04-19
idea-111	open	hub-idempotency|dedup|reply-dup|reliability|ready|tele-6|retrospective-m-ideas-audit|audit:tele_primary=tele-6			engineer	2026-04-19
idea-112	open	doctrine|autonomous-mission|engineer-protocol|governance|process|tele-2|retrospective-m-ideas-audit|audit:tele_primary=tele-2			engineer	2026-04-19
idea-113	open	cascade-actions|schema-drift|zod|documentation|friction-reduction|tele-3|retrospective-m-ideas-audit|audit:tele_primary=tele-3|audit:tele_secondary=tele-11			engineer	2026-04-19
idea-114	open	state-sync|drift-reconciliation|thread-versioning|cognitive-hypervisor-phase-3|reliability|tele-3|retrospective-m-ideas-audit|audit:tele_primary=tele-7|audit:tele_secondary=tele-11			engineer	2026-04-19
idea-115	open	dynamic-tool-scope|cognitive-layer|architecture|m-cognitive-hypervisor|strategic|needs-triage|audit:tele_primary=tele-11|audit:tele_secondary=tele-3			director	2026-04-19
idea-116	open	tele-10-proposal|cognitive-layer|architecture|m-cognitive-hypervisor|strategic|needs-triage|audit:tele_primary=tele-12|audit:tele_secondary=tele-11|audit:eng_promoted_to_tele_11=2026-04-22-pass-1.2|audit:reassigned_to_tele_12=2026-04-22-pass-1.3-mandatory			engineer	2026-04-20
idea-117	triaged	retry-death-spiral|hub|queue|reliability|m-cognitive-hypervisor|needs-triage|cost-risk|audit:tele_primary=tele-7			engineer	2026-04-20
idea-118	open	circuit-breaker|hub|queue|reliability|m-cognitive-hypervisor|idea-117-followup|needs-triage|audit:tele_primary=tele-7			director	2026-04-20
idea-119	open	query-shape-engineering|tool-surface|precision-context-engineering|m-cognitive-hypervisor|needs-triage|phase-2x-followup|tele-10-adjacent|audit:tele_primary=tele-12|audit:tele_secondary=tele-11			engineer	2026-04-20
idea-11	open	architecture|context-management|wisdom-retention|audit:valid=valid|audit:class=feature-unlock|audit:scope=systemic|audit:dup=none|audit:split=no|audit:effort=L|audit:value=L|audit:urgency=low|audit:action=needs-research|audit:desc=keep|audit:implemented=false|audited:v1|audit:tele_primary=tele-4|audit:tele_secondary=tele-5			architect	2026-04-12
idea-120	triaged	entity-provenance|schema-unification|createdBy|m-cognitive-hypervisor|tele-3|tele-5|needs-triage|idea-119-blocker|audit:tele_primary=tele-3|audit:tele_secondary=tele-5			engineer	2026-04-20
idea-121	open	api-v2|tool-surface|modernization|verb-naming|get-resource|tele-10|m-cognitive-hypervisor|needs-triage|audit:tele_primary=tele-10			engineer	2026-04-20
idea-122	open	m-cognitive-hypervisor|agent-lifecycle|api-v2|operator-affordance|tool-surface|needs-triage|audit:tele_primary=tele-6|audit:tele_secondary=tele-7			engineer	2026-04-20
idea-123	triaged	m-cognitive-hypervisor|api-v2|thread-reply|protocol-simplification|llm-cognitive-load|cognitive-vs-plumbing|needs-triage|audit:tele_primary=tele-2			engineer	2026-04-20
idea-124	open	m-cognitive-hypervisor|label-routing|reserved-labels|vrf|agent-ssot|dispatch-semantics|api-v2|needs-triage|audit:tele_primary=tele-2|audit:tele_secondary=tele-6			engineer	2026-04-20
idea-125	open	clarification|primitives|adr-017|threads-2.0|hub|audit:tele_primary=tele-2|audit:tele_secondary=tele-6			unknown	2026-04-20
idea-126	open	kubernetes|entity-model|api-design|long-term|strategic|primitives|audit:tele_primary=tele-2			unknown	2026-04-20
idea-127	open	threads-2.0|semantic-intent|convergence|architecture|mechanism-design|audit:tele_primary=tele-2|audit:tele_secondary=tele-6			unknown	2026-04-20
idea-128	open	gitops|multi-agent|collaboration|attribution|github|coordination|concurrent-engineers|audit:tele_primary=tele-9|audit:tele_secondary=tele-6			unknown	2026-04-20
idea-129	open	rename|vocabulary|design|proposal|tool-surface|api-v2|tele-2|tele-5|audit:tele_primary=tele-2|audit:tele_secondary=tele-4			unknown	2026-04-20
idea-12	open	architecture|safety|execution|audit:valid=valid|audit:class=feature-unlock|audit:scope=systemic|audit:dup=none|audit:split=no|audit:tele_primary=tele-6|audit:effort=XL|audit:value=L|audit:urgency=low|audit:action=needs-research|audit:desc=keep|audit:implemented=false|audit:defer_reason=revisit-after-Sentinel|audited:v1			architect	2026-04-12
idea-130	open	manifest|spec|entity-model|tele-5|tele-3|isomorphic-specification|policy-router|workflow-registry|mission-integration|audit:tele_primary=tele-2|audit:tele_secondary=tele-3			unknown	2026-04-20
idea-131	open	registry|entity-model|introspection|indexes|tele-5|tele-7|tele-9|discoverability|workflow-registry|component-registry|entity-registry|test-registry|audit:tele_primary=tele-1|audit:tele_secondary=tele-5			unknown	2026-04-20
idea-132	triaged	cognitive-layer|hypervisor|bug-11|adapter|tool-rounds|tele-2|p0|audit:tele_primary=tele-7			unknown	2026-04-20
idea-133	open	concept|entity-model|pattern-language|vocabulary|harvest|triage|tele-7|tele-8|tele-9|anchor-idea|concept-registry|audit:tele_primary=tele-4|audit:tele_secondary=tele-10			unknown	2026-04-20
idea-134	open	trace|report|task-repurpose|execution-layer|engineer-ownership|tele-2|tele-4|tele-7|tele-8|autopoietic|vocabulary-chain|governance-friction|workflow-friction|audit:tele_primary=tele-4|audit:tele_secondary=tele-10			unknown	2026-04-20
idea-135	open	survey|director-intent|triage|pre-brainstorm|structured-input|orthogonality|information-gain|tele-2|tele-7|tele-9|idea-lifecycle|audit:tele_primary=tele-4|audit:tele_secondary=tele-6			unknown	2026-04-20
idea-136	open	routines|chore|scheduled-governance|non-code-work|independence-chunking|parallel-execution|fan-out|maintenance|autopoietic|tele-2|tele-4|tele-8|tele-9|extends-idea-25|audit:tele_primary=tele-2|audit:tele_secondary=tele-10			unknown	2026-04-20
idea-137	open	proficiency|evaluation|scoring|rubric|competency|judge-agent|quality-assessment|autopoietic|tele-6|tele-8|tele-9|baseline|ranking|mission-kinds|audit:tele_primary=tele-10|audit:tele_secondary=tele-4			unknown	2026-04-20
idea-138	open	routing|model-tier|cost-aware|roi|draft-uplift|complexity-estimation|heterogeneous-capability|economic-optimization|extends-idea-137|tele-2|tele-4|tele-8|tele-9|audit:tele_primary=tele-11|audit:tele_secondary=tele-6			unknown	2026-04-20
idea-139	open	goal|tele|strategic-objective|vocabulary-chain|done-able|project-scope|bi-triangle|tele-outcome-axis|tele-7|tele-8|tele-9|survey-pending|extends-idea-133-parallel|audit:tele_primary=tele-4|audit:tele_secondary=tele-2			unknown	2026-04-20
idea-13	open	architecture|tooling|code-visibility|audit:valid=valid|audit:class=dev-ergonomics|audit:scope=package|audit:dup=none|audit:split=no|audit:effort=M|audit:value=L|audit:urgency=med|audit:action=ready|audit:desc=keep|audit:implemented=false|audit:mvp=grep-wrapper|audit:priority=2|audited:v1|audit:tele_primary=tele-5			architect	2026-04-12
idea-140	open	concept-candidate|idea-133-seed|harvested-from-idea-139|pattern-language|asymptote|goal-tele-bridge|measurability|audit:tele_primary=tele-4|audit:tele_secondary=tele-10			unknown	2026-04-20
idea-141	open	concept-candidate|idea-133-seed|harvested-from-idea-139|pattern-language|hierarchy|outcome-composition|aggregation|audit:tele_primary=tele-4|audit:tele_secondary=tele-10			unknown	2026-04-20
idea-142	open	concept-candidate|idea-133-seed|harvested-from-idea-139|pattern-language|provenance|coherence|drift-prevention|strategic-alignment|audit:tele_primary=tele-4|audit:tele_secondary=tele-10			unknown	2026-04-20
idea-143	open	concept-candidate|idea-133-seed|harvested-from-conversation|pattern-language|forward-compatibility|placeholder|tag-based-signalling|intent-capture|entity-bootstrap|audit:tele_primary=tele-4|audit:tele_secondary=tele-10			unknown	2026-04-20
idea-144	triaged	workflow-engine|mission-advancement|missing-feature|architect-loop|supersedes-bug-20|triage-joint-director-architect|mission-38|audit:tele_primary=tele-6|audit:tele_secondary=tele-2			unknown	2026-04-21
idea-145	open	mission-38|task-313|v2-refinement|chunked-reply-composition|semantic-boundary-splitting|hub-persistence|architect-triage-pending|supersedes-bug-21|audit:tele_primary=tele-12|audit:tele_secondary=tele-7			unknown	2026-04-21
idea-146	open	mission-38|task-314|continuation-state|v2-extension|adapter-contract|audit:tele_primary=tele-12|audit:tele_secondary=tele-7			system	2026-04-21
idea-147	open	rule-entity|policy|conventions|architecture|hub-primitive|audit:tele_primary=tele-2|audit:tele_secondary=tele-4			system	2026-04-21
idea-148	open	tele|architecture|code-quality|modularity|governance|audit:tele_primary=tele-3			system	2026-04-21
idea-149	open	tele|governance|audit|standardization|registry|axiom-harvest|ratified|audit:tele_primary=tele-4|audit:tele_secondary=tele-10			system	2026-04-21
idea-14	open	architecture|resilience|auto-triage|audit:valid=valid|audit:class=observability|audit:scope=package|audit:dup=none|audit:split=no|audit:effort=M|audit:value=L|audit:urgency=low|audit:action=ready|audit:desc=keep|audit:implemented=false|audit:cluster=Sentinel|audited:v1|audit:tele_primary=tele-10			architect	2026-04-12
idea-150	open	deployer|cicd|infrastructure|gcp|environments|agentic-network|tooling|audit:tele_primary=tele-9|audit:tele_secondary=tele-6			system	2026-04-21
idea-151	open	graph|relationships|dependencies|ideas|registry|hub-primitive|audit:tele_primary=tele-1|audit:tele_secondary=tele-4			system	2026-04-21
idea-152	open	architecture|mcp|resources|adapter|smart-nic|cognitive-implant|a2a|transport-decoupling|virtual-filesystem|content-addressable|zero-loss-knowledge|sovereign-composition|bug-25-structural-fix|audit:tele_primary=tele-3|audit:tele_secondary=tele-1			system	2026-04-21
idea-153	open	adapter-core|refactor|code-organization|duplication|adapters|dispatcher|cross-host-parity|architect-observation|observed-2026-04-22|audit:tele_primary=tele-3			system	2026-04-22
idea-154	open	adapter-ops|config-management|worktree-setup|tele-1-observability|tele-7-onboarding|post-mission-40|wrapper-script|observed-2026-04-22|audit:tele_primary=tele-1|audit:tele_secondary=tele-7			system	2026-04-22
idea-155	open	observability|audit-schema|deprecation-runway|post-mission-40|post-dashboard-consumer|audit-entry|tele-1-observability|typed-payloads|observed-2026-04-22|audit:tele_primary=tele-1|audit:tele_secondary=tele-4			system	2026-04-22
idea-156	open	tele-8|gated-recursive-integrity|layer-certification|architecture|seed-idea|reverse-gap-closure|from-thread-248|architect-authored-by:lily|audit:tele_primary=tele-8	thread-248		system	2026-04-22
idea-157	open	tele-8|gated-recursive-integrity|phase-2d-cp3|layer-certification|architectural-naming|seed-idea|reverse-gap-closure|from-thread-248|architect-authored-by:lily|audit:tele_primary=tele-8	thread-248		system	2026-04-22
idea-158	open	tele-8|gated-recursive-integrity|merge-gate|ci-policy|review-checklist|layer-enforcement|seed-idea|reverse-gap-closure|from-thread-248|architect-authored-by:lily|audit:tele_primary=tele-8	thread-248		system	2026-04-22
idea-15	open	reliability|architect|session-management|audit:valid=valid|audit:class=infra-reliability|audit:scope=package|audit:dup=none|audit:split=no|audit:effort=S|audit:value=M|audit:urgency=low|audit:action=needs-research|audit:desc=keep|audit:implemented=likely-resolved|audit:verify_against=McpConnectionManager/ADR-008|audited:v1|audit:tele_primary=tele-7			engineer	2026-04-12
idea-16	dismissed	cognitive-architecture|entity-model|reliability|audit:valid=stale|audit:class=feature-unlock|audit:scope=package|audit:dup=none|audit:split=no|audit:tele_primary=tele-8|audit:effort=S|audit:value=L|audit:urgency=low|audit:action=dismiss|audit:desc=rewritten|audit:implemented=true|audit:adr_ref=ADR-015|audited:v1			engineer	2026-04-12
idea-17	dismissed	architecture|layer-7|messaging|policy-router|audit:valid=superseded_by:idea-102|audit:class=feature-unlock|audit:scope=systemic|audit:dup=none|audit:split=no|audit:tele_primary=tele-5|audit:effort=L|audit:value=XL|audit:urgency=low|audit:action=dismiss|audit:desc=rewritten|audit:implemented=partial|audited:v1			architect	2026-04-13
idea-18	open	technical-debt|sdk|performance|audit:valid=valid|audit:class=performance-optimization|audit:scope=package|audit:dup=none|audit:split=no|audit:effort=S|audit:value=M|audit:urgency=low|audit:action=ready|audit:desc=keep|audit:implemented=false|audited:v1|audit:tele_primary=tele-7			engineer	2026-04-13
idea-19	triaged	bug|event-loop|sandwich-handler|migrated-to-bug-1|audit:valid=superseded-by-bug:bug-1|migrated-to-bug:bug-1	thread-60		architect	2026-04-13
idea-1	dismissed	test|verification|audit:valid=stale|audit:class=infra-reliability|audit:scope=local|audit:dup=none|audit:split=no|audit:tele_primary=tele-1|audit:effort=S|audit:value=S|audit:urgency=low|audit:action=dismiss|audit:desc=rewritten|audited:v1			engineer	2026-04-12
idea-20	open	cognitive-architecture|auto-linkage|threads|enhancement|audit:valid=valid|audit:class=feature-unlock|audit:scope=package|audit:dup=none|audit:split=no|audit:effort=S|audit:value=M|audit:urgency=low|audit:action=ready|audit:desc=keep|audit:implemented=partial|audit:impl_note=dynamic-join-on-get_mission|audit:quick_win=true|audited:v1|audit:tele_primary=tele-6|audit:tele_secondary=tele-3			architect	2026-04-13
idea-21	dismissed	architecture|policy-router|dag|workflow|audit:valid=stale|audit:class=feature-unlock|audit:scope=package|audit:dup=none|audit:split=no|audit:tele_primary=tele-4|audit:effort=S|audit:value=XL|audit:urgency=low|audit:action=dismiss|audit:desc=rewritten|audit:implemented=true|audit:mission_ref=mission-6|audited:v1	thread-64		architect	2026-04-13
idea-22	triaged	architecture|policy-router|dag|bug|migrated-to-bug-2|audit:valid=superseded-by-bug:bug-2|migrated-to-bug:bug-2	thread-64		architect	2026-04-13
idea-23	open	ci-cd|github|agentic-network|audit:valid=valid|audit:class=feature-unlock|audit:scope=systemic|audit:dup=none|audit:split=no|audit:effort=XL|audit:value=L|audit:urgency=low|audit:action=needs-proposal|audit:desc=keep|audit:implemented=false|audit:depends_on=idea-67+idea-104|audited:v1|audit:tele_primary=tele-9			architect	2026-04-13
idea-24	open	architecture|roles|workflow-registry|rbac|audit:valid=valid|audit:class=governance-policy|audit:scope=systemic|audit:dup=none|audit:split=no|audit:effort=S|audit:value=M|audit:urgency=low|audit:action=ready|audit:desc=keep|audit:implemented=partial|audit:priority=2|audited:v1|audit:tele_primary=tele-2			architect	2026-04-13
idea-25	open	cognitive-architecture|workflow-registry|tele-2|routine|audit:valid=valid|audit:class=feature-unlock|audit:scope=package|audit:dup=none|audit:split=no|audit:effort=M|audit:value=S|audit:urgency=low|audit:action=backlog|audit:desc=keep|audit:implemented=false|audited:v1|audit:tele_primary=tele-6|audit:tele_secondary=tele-2			architect	2026-04-13
idea-26	dismissed	bug|cognitive-architecture|workflow-registry			architect	2026-04-13
idea-27	open	cognitive-architecture|workflow-registry|tele-2|kubernetes-analogy|audit:valid=valid|audit:class=feature-unlock|audit:scope=systemic|audit:dup=none|audit:split=no|audit:effort=XL|audit:value=XL|audit:urgency=low|audit:action=needs-proposal|audit:desc=keep|audit:implemented=partial|audit:framing=strategic-lens|audited:v1|audit:tele_primary=tele-2			architect	2026-04-13
idea-28	triaged	bug|cognitive-architecture|architect-amnesia|migrated-to-bug-3|audit:valid=superseded-by-bug:bug-3|migrated-to-bug:bug-3			architect	2026-04-13
idea-29	triaged	bug|plugin|schema-cache|migrated-to-bug-4|audit:valid=superseded-by-bug:bug-4|migrated-to-bug:bug-4			architect	2026-04-13
idea-2	dismissed	architecture|entities|cognitive-architecture|agent-entity|audit:valid=stale|audit:class=feature-unlock|audit:scope=systemic|audit:dup=none|audit:split=no|audit:tele_primary=tele-1|audit:effort=S|audit:value=XL|audit:urgency=low|audit:action=dismiss|audit:desc=rewritten|audit:implemented=true|audit:mission_ref=mission-18|audited:v1			architect	2026-04-12
idea-30	open	cognitive-architecture|workflow-registry|task-fsm|audit:valid=valid|audit:class=feature-unlock|audit:scope=package|audit:dup=none|audit:split=no|audit:effort=M|audit:value=M|audit:urgency=low|audit:action=needs-proposal|audit:desc=keep|audit:implemented=partial|audit:cluster=Task-Lifecycle|audit:impl_note=draft-state-key-addition|audited:v1|audit:tele_primary=tele-2|audit:tele_secondary=tele-6			architect	2026-04-13
idea-31	dismissed	cognitive-architecture|workflow-registry|brainstorm|hardening|audit:valid=superseded_by:M-Ideas-Audit|audit:class=feature-unlock|audit:scope=systemic|audit:dup=none|audit:split=no|audit:tele_primary=tele-3|audit:effort=S|audit:value=XL|audit:urgency=low|audit:action=dismiss|audit:desc=rewritten|audit:implemented=true|audit:implemented_by=M-Ideas-Audit|audited:v1			architect	2026-04-13
idea-32	dismissed	cognitive-architecture|kubernetes-analogy|metadata|enhancement|audit:valid=stale|audit:class=feature-unlock|audit:scope=systemic|audit:dup=none|audit:split=no|audit:tele_primary=tele-2|audit:effort=M|audit:value=XL|audit:urgency=low|audit:action=dismiss|audit:desc=rewritten|audit:implemented=true|audit:mission_ref=mission-19|audited:v1			architect	2026-04-14
idea-33	open	cognitive-architecture|resilience|state-machine|auto-triage|audit:valid=valid|audit:class=observability|audit:scope=package|audit:dup=none|audit:split=no|audit:effort=M|audit:value=L|audit:urgency=med|audit:action=ready|audit:desc=keep|audit:implemented=false|audit:cluster=Sentinel|audit:cluster_role=foundation|audited:v1|audit:tele_primary=tele-7			architect	2026-04-14
idea-34	dismissed	hardening|sandwich-handler|autonomous-loop|audit:valid=stale|audit:class=feature-unlock|audit:scope=package|audit:dup=none|audit:split=no|audit:tele_primary=tele-4|audit:effort=M|audit:value=XL|audit:urgency=low|audit:action=dismiss|audit:desc=rewritten|audit:implemented=true|audited:v1			architect	2026-04-14
idea-35	open	hardening|architect-prompt|review-criteria|sandwich-handler|audit:valid=valid|audit:class=observability|audit:scope=package|audit:dup=none|audit:split=no|audit:effort=S|audit:value=M|audit:urgency=low|audit:action=ready|audit:desc=keep|audit:implemented=partial|audit:priority=2|audited:v1|audit:tele_primary=tele-5			architect	2026-04-14
idea-36	dismissed	agentic-network|claude-code|onboarding|audit:valid=stale|audit:class=feature-unlock|audit:scope=package|audit:dup=none|audit:split=no|audit:tele_primary=tele-9|audit:effort=L|audit:value=XL|audit:urgency=low|audit:action=dismiss|audit:desc=rewritten|audit:implemented=true|audited:v1			architect	2026-04-14
idea-37	dismissed	routing|multi-agent|hardening|audit:valid=stale|audit:class=feature-unlock|audit:scope=systemic|audit:dup=none|audit:split=no|audit:tele_primary=tele-2|audit:effort=M|audit:value=XL|audit:urgency=low|audit:action=dismiss|audit:desc=rewritten|audit:implemented=true|audit:mission_ref=mission-19|audited:v1	thread-74		architect	2026-04-14
idea-38	open	testing|plugin|schema-cache|audit:valid=valid|audit:class=dev-ergonomics|audit:scope=package|audit:dup=none|audit:split=no|audit:tele_primary=tele-6|audit:effort=S|audit:value=S|audit:urgency=low|audit:action=backlog|audit:desc=keep|audit:implemented=partial|audit:absorbed_by=idea-104|audited:v1			architect	2026-04-14
idea-39	open	observability|state-sync|dag|audit:valid=valid|audit:class=infra-reliability|audit:scope=systemic|audit:dup=none|audit:split=no|audit:effort=L|audit:value=M|audit:urgency=low|audit:action=needs-research|audit:desc=keep|audit:implemented=false|audited:v1|audit:tele_primary=tele-1	thread-77		architect	2026-04-14
idea-3	dismissed	architecture|task-management|workflow|audit:valid=stale|audit:class=feature-unlock|audit:scope=package|audit:dup=none|audit:split=no|audit:tele_primary=tele-2|audit:effort=S|audit:value=XL|audit:urgency=low|audit:action=dismiss|audit:desc=rewritten|audit:implemented=true|audit:mission_ref=mission-6|audited:v1			engineer	2026-04-12
idea-40	triaged	bug|routing|identity|multi-agent|migrated-to-bug-5|audit:valid=superseded-by-bug:bug-5|migrated-to-bug:bug-5			architect	2026-04-14
idea-41	triaged	bug|tooling|cognitive-architecture|migrated-to-bug-6|audit:valid=superseded-by-bug:bug-6|migrated-to-bug:bug-6			architect	2026-04-14
idea-42	open	testing|architecture|resilience|audit:valid=valid|audit:class=dev-ergonomics|audit:scope=systemic|audit:dup=none|audit:split=no|audit:tele_primary=tele-6|audit:effort=L|audit:value=M|audit:urgency=low|audit:action=needs-research|audit:desc=keep|audit:implemented=false|audit:cluster=Test-Infrastructure|audit:cluster_role=live-prod-chaos|audited:v1	thread-82		architect	2026-04-14
idea-43	open	architecture|capabilities|network-expansion|audit:valid=valid|audit:class=feature-unlock|audit:scope=systemic|audit:dup=none|audit:split=no|audit:effort=XL|audit:value=L|audit:urgency=low|audit:action=needs-research|audit:desc=keep|audit:implemented=false|audit:related=idea-73|audited:v1|audit:tele_primary=tele-3	thread-82		architect	2026-04-14
idea-44	dismissed	infrastructure|devops|hardening|duplicate|audit:valid=duplicate_of:idea-55|audit:class=infra-reliability|audit:scope=systemic|audit:dup=duplicate_of:idea-55|audit:split=no|audit:tele_primary=tele-4|audit:effort=M|audit:value=M|audit:urgency=low|audit:action=dismiss|audit:desc=rewritten|audit:implemented=partial|audited:v1	thread-82		architect	2026-04-14
idea-45	open	tooling|observability|developer-experience|audit:valid=valid|audit:class=observability|audit:scope=systemic|audit:dup=none|audit:split=no|audit:effort=L|audit:value=M|audit:urgency=low|audit:action=needs-proposal|audit:desc=keep|audit:implemented=false|audit:related_cluster=Rich-Director-Surface|audited:v1|audit:tele_primary=tele-5	thread-82		architect	2026-04-14
idea-46	open	m18|agent-entity|observability|advisory-tags|model-detection|audit:valid=valid|audit:class=observability|audit:scope=package|audit:dup=none|audit:split=no|audit:effort=M|audit:value=S|audit:urgency=low|audit:action=needs-research|audit:desc=keep|audit:implemented=false|audited:v1|audit:tele_primary=tele-1|audit:tele_secondary=tele-3			engineer	2026-04-15
idea-47	dismissed	architecture|hub|architect|scaling|event-loop|audit:valid=superseded_by:ADR-017|audit:class=infra-reliability|audit:scope=package|audit:dup=none|audit:split=no|audit:tele_primary=tele-4|audit:effort=S|audit:value=M|audit:urgency=low|audit:action=dismiss|audit:desc=rewritten|audit:implemented=true|audit:superseded_by=ADR-017|audit:extension_captured_by=idea-99|audited:v1			engineer	2026-04-16
idea-48	open	architecture|dedup|network-adapter|portability|hub|tx-rx|audit:valid=valid|audit:class=tech-debt|audit:scope=systemic|audit:dup=none|audit:split=no|audit:effort=L|audit:value=M|audit:urgency=low|audit:action=needs-proposal|audit:desc=keep|audit:implemented=false|audit:cluster=Universal-Port|audit:consolidate_into=idea-102|audited:v1|audit:tele_primary=tele-3|audit:tele_secondary=tele-2			engineer	2026-04-16
idea-49	dismissed	rbac|policy|idea-policy|engineer-ux			engineer	2026-04-16
idea-4	dismissed	architecture|testing|refactoring|audit:valid=stale|audit:class=feature-unlock|audit:scope=systemic|audit:dup=none|audit:split=no|audit:tele_primary=tele-5|audit:effort=XL|audit:value=XL|audit:urgency=low|audit:action=dismiss|audit:desc=rewritten|audit:implemented=true|audit:mission_ref=mission-2|audited:v1			engineer	2026-04-12
idea-50	open	architecture|naming|portability|dedup|brainstorm|sdk-guide|audit:valid=valid|audit:class=tech-debt|audit:scope=systemic|audit:dup=none|audit:split=no|audit:effort=XL|audit:value=M|audit:urgency=low|audit:action=needs-research|audit:desc=keep|audit:implemented=false|audit:cluster=Great-Normalization|audit:cluster_role=umbrella|audit:mission_ref=mission-21|audited:v1|audit:tele_primary=tele-3|audit:tele_secondary=tele-6			engineer	2026-04-16
idea-51	dismissed	architecture|dedup|network-adapter|portability|hub|tx-rx			engineer	2026-04-16
idea-52	dismissed	rbac|policy|idea-policy|engineer-ux			engineer	2026-04-16
idea-53	dismissed	architecture|naming|portability|dedup|brainstorm|sdk-guide			engineer	2026-04-16
idea-54	open	architect-chat|resilience|session-management|audit:valid=valid|audit:class=infra-reliability|audit:scope=package|audit:dup=none|audit:split=no|audit:effort=S|audit:value=M|audit:urgency=med|audit:action=ready|audit:desc=keep|audit:implemented=false|audit:cluster=Rich-Director-Surface|audited:v1|audit:tele_primary=tele-7			engineer	2026-04-16
idea-55	open	infrastructure|terraform|iac|deployment|audit:valid=valid|audit:class=infra-reliability|audit:scope=systemic|audit:dup=none|audit:split=no|audit:effort=M|audit:value=M|audit:urgency=low|audit:action=needs-proposal|audit:desc=keep|audit:implemented=partial|audit:cluster=Deployment-IaC|audited:v1|audit:tele_primary=tele-9|audit:tele_secondary=tele-7			engineer	2026-04-16
idea-56	open	hub|thread-guidance|system-prompt|audit:valid=valid|audit:class=feature-unlock|audit:scope=local|audit:dup=none|audit:split=no|audit:effort=S|audit:value=M|audit:urgency=low|audit:action=ready|audit:desc=keep|audit:implemented=false|audited:v1|audit:tele_primary=tele-5			engineer	2026-04-16
idea-57	triaged	threads|convergence|dedup|bug|sandwich-handler|migrated-to-bug-7|audit:valid=superseded-by-bug:bug-7|migrated-to-bug:bug-7	thread-92		engineer	2026-04-16
idea-58	open	claude-code|plugin|notifications|audit:valid=valid|audit:class=dev-ergonomics|audit:scope=package|audit:dup=none|audit:split=no|audit:effort=M|audit:value=M|audit:urgency=low|audit:action=needs-research|audit:desc=keep|audit:implemented=partial|audit:cluster=Rich-Director-Surface|audited:v1|audit:tele_primary=tele-5			engineer	2026-04-16
idea-59	dismissed	acp|bridge|duplicate|audit:valid=duplicate_of:idea-62|audit:class=feature-unlock|audit:scope=package|audit:dup=duplicate_of:idea-62|audit:split=no|audit:tele_primary=tele-9|audit:effort=L|audit:value=M|audit:urgency=low|audit:action=dismiss|audit:desc=rewritten|audit:implemented=false|audited:v1			engineer	2026-04-16
idea-5	open	frontend|ux|ag-ui|audit:valid=valid|audit:class=feature-unlock|audit:scope=systemic|audit:dup=none|audit:split=no|audit:effort=XL|audit:value=L|audit:urgency=low|audit:action=needs-proposal|audit:desc=keep|audit:implemented=false|audit:cluster=Rich-Director-Surface|audited:v1|audit:tele_primary=tele-5|audit:tele_secondary=tele-6			engineer	2026-04-12
idea-60	open	observability|telemetry|structured|audit:valid=valid|audit:class=observability|audit:scope=systemic|audit:dup=none|audit:split=no|audit:effort=L|audit:value=M|audit:urgency=low|audit:action=needs-proposal|audit:desc=keep|audit:implemented=false|audit:priority=2|audited:v1|audit:tele_primary=tele-1			engineer	2026-04-16
idea-61	open	architect-chat|acp|toad|tui|audit:valid=valid|audit:class=feature-unlock|audit:scope=package|audit:dup=none|audit:split=no|audit:effort=M|audit:value=M|audit:urgency=low|audit:action=needs-research|audit:desc=keep|audit:implemented=false|audit:cluster=Rich-Director-Surface|audited:v1|audit:tele_primary=tele-5			architect	2026-04-17
idea-62	open	architect-chat|acp|bridge|external-ui|audit:valid=valid|audit:class=feature-unlock|audit:scope=package|audit:dup=none|audit:split=no|audit:effort=L|audit:value=L|audit:urgency=low|audit:action=needs-research|audit:desc=keep|audit:implemented=false|audit:cluster=Rich-Director-Surface|audited:v1|audit:tele_primary=tele-5			architect	2026-04-17
idea-63	open	observability|agents|session-table|audit:valid=valid|audit:class=observability|audit:scope=local|audit:dup=none|audit:split=no|audit:effort=S|audit:value=S|audit:urgency=low|audit:action=ready|audit:desc=keep|audit:implemented=partial|audit:quick_win=true|audited:v1|audit:tele_primary=tele-1			architect	2026-04-17
idea-64	open	entity|note|lightweight|audit:valid=valid|audit:class=feature-unlock|audit:scope=package|audit:dup=none|audit:split=no|audit:effort=M|audit:value=S|audit:urgency=low|audit:action=backlog|audit:desc=keep|audit:implemented=false|audit:defer_reason=entity-bloat-prevention|audited:v1|audit:tele_primary=tele-4|audit:tele_secondary=tele-5			architect	2026-04-17
idea-65	open	entity|beacon|research|lightweight|audit:valid=valid|audit:class=feature-unlock|audit:scope=package|audit:dup=none|audit:split=no|audit:effort=M|audit:value=S|audit:urgency=low|audit:action=backlog|audit:desc=keep|audit:implemented=false|audit:defer_reason=entity-bloat-prevention|audited:v1|audit:tele_primary=tele-4			architect	2026-04-17
idea-66	open	renaming|event-schemas|wire-level|audit:valid=valid|audit:class=tech-debt|audit:scope=systemic|audit:dup=none|audit:split=no|audit:effort=S|audit:value=S|audit:urgency=low|audit:action=needs-research|audit:desc=keep|audit:implemented=likely-done|audit:verify_against=Hub-event-schemas|audited:v1|audit:tele_primary=tele-2			architect	2026-04-17
idea-67	open	identity|github|attribution|audit:valid=valid|audit:class=feature-unlock|audit:scope=systemic|audit:dup=none|audit:split=no|audit:effort=L|audit:value=M|audit:urgency=low|audit:action=needs-research|audit:desc=keep|audit:implemented=false|audited:v1|audit:tele_primary=tele-6			engineer	2026-04-17
idea-68	open	task-lifecycle|update-task|mutability|audit:valid=valid|audit:class=feature-unlock|audit:scope=local|audit:dup=none|audit:split=no|audit:effort=S|audit:value=M|audit:urgency=low|audit:action=ready|audit:desc=keep|audit:implemented=false|audit:cluster=Task-Lifecycle|audit:impl_note=restrict-to-pending-blocked|audited:v1|audit:tele_primary=tele-6			architect	2026-04-17
idea-69	open	tool-surface|mcp|standardization|audit:valid=valid|audit:class=tech-debt|audit:scope=systemic|audit:dup=none|audit:split=no|audit:effort=M|audit:value=M|audit:urgency=low|audit:action=needs-proposal|audit:desc=keep|audit:implemented=partial|audit:cluster=Tool-Surface-Standardization|audit:related_cluster=Great-Normalization|audited:v1|audit:tele_primary=tele-2	thread-112		engineer	2026-04-17
idea-6	open	task-lifecycle|reassign|timeout|audit:valid=valid|audit:class=feature-unlock|audit:scope=package|audit:dup=none|audit:split=no|audit:effort=S|audit:value=M|audit:urgency=low|audit:action=ready|audit:desc=keep|audit:implemented=false|audit:cluster=Task-Lifecycle|audit:impl_note=lease-based-mechanism|audited:v1|audit:tele_primary=tele-7			engineer	2026-04-12
idea-70	open	tool-surface|list-filter|ergonomics|audit:valid=valid|audit:class=dev-ergonomics|audit:scope=systemic|audit:dup=none|audit:split=no|audit:effort=M|audit:value=L|audit:urgency=med|audit:action=ready|audit:desc=keep|audit:implemented=partial|audit:cluster=Tool-Surface-Standardization|audited:v1|audit:tele_primary=tele-5			architect	2026-04-17
idea-71	open	adapter|gemini-cli|ecosystem|audit:valid=valid|audit:class=feature-unlock|audit:scope=package|audit:dup=none|audit:split=no|audit:effort=L|audit:value=M|audit:urgency=low|audit:action=backlog|audit:desc=keep|audit:implemented=false|audit:depends_on=idea-102|audited:v1|audit:tele_primary=tele-3|audit:tele_secondary=tele-6			architect	2026-04-17
idea-72	open	cognitive-engineering|context|on-demand-retrieval|audit:valid=valid|audit:class=feature-unlock|audit:scope=package|audit:dup=none|audit:split=no|audit:effort=L|audit:value=L|audit:urgency=low|audit:action=needs-research|audit:desc=keep|audit:implemented=false|audit:cluster=Cognitive-Engineering|audit:related=idea-11|audited:v1|audit:tele_primary=tele-12|audit:tele_secondary=tele-5			engineer	2026-04-17
idea-73	open	task-routing|origin-target|multi-agent|audit:valid=valid|audit:class=feature-unlock|audit:scope=systemic|audit:dup=none|audit:split=no|audit:effort=L|audit:value=L|audit:urgency=low|audit:action=needs-proposal|audit:desc=keep|audit:implemented=false|audit:priority=2|audit:architect_elevated=true|audited:v1|audit:tele_primary=tele-6			engineer	2026-04-18
idea-74	open	infrastructure|terraform|env-isolation|audit:valid=valid|audit:class=infra-reliability|audit:scope=local|audit:dup=none|audit:split=no|audit:effort=S|audit:value=M|audit:urgency=low|audit:action=ready|audit:desc=keep|audit:implemented=false|audit:cluster=Deployment-IaC|audited:v1|audit:tele_primary=tele-9			architect	2026-04-18
idea-75	open	testing|harness|layered-matrix|audit:valid=valid|audit:class=dev-ergonomics|audit:scope=systemic|audit:dup=none|audit:split=no|audit:tele_primary=tele-6|audit:effort=XL|audit:value=XL|audit:urgency=med|audit:action=needs-proposal|audit:desc=keep|audit:implemented=partial|audit:cluster=Test-Infrastructure|audit:cluster_role=systemic-wrapper|audit:related=idea-104|audited:v1			engineer	2026-04-18
idea-76	incorporated	architecture|entities|governance|ssot		mission-21	architect	2026-04-18
idea-77	incorporated	architecture|governance|entities		mission-21	architect	2026-04-18
idea-78	open	admin|force-close|task-fsm|operational|audit:valid=valid|audit:class=governance-policy|audit:scope=local|audit:dup=none|audit:split=no|audit:effort=S|audit:value=M|audit:urgency=low|audit:action=ready|audit:desc=keep|audit:implemented=false|audit:quick_win=true|audited:v1|audit:tele_primary=tele-6|audit:tele_secondary=tele-7			engineer	2026-04-18
idea-79	open	technical-debt|json-schema|gemini|llm|audit:valid=valid|audit:class=tech-debt|audit:scope=local|audit:dup=none|audit:split=no|audit:effort=S|audit:value=S|audit:urgency=low|audit:action=backlog|audit:desc=keep|audit:implemented=false|audited:v1|audit:tele_primary=tele-3|audit:tele_secondary=tele-11			engineer	2026-04-18
idea-7	dismissed	architecture|workflow			architect	2026-04-12
idea-80	open	great-normalization|tags-vs-labels|metadata|entity-registry|audit:valid=valid|audit:class=tech-debt|audit:scope=systemic|audit:dup=none|audit:split=no|audit:effort=M|audit:value=M|audit:urgency=low|audit:action=needs-proposal|audit:desc=keep|audit:implemented=false|audit:cluster=Great-Normalization|audit:mission_ref=mission-21|audited:v1|audit:tele_primary=tele-4|audit:tele_secondary=tele-2			engineer	2026-04-18
idea-81	open	great-normalization|correlation-id|typed-refs|navigable-graph|audit:valid=valid|audit:class=tech-debt|audit:scope=systemic|audit:dup=none|audit:split=no|audit:effort=L|audit:value=L|audit:urgency=low|audit:action=needs-proposal|audit:desc=keep|audit:implemented=false|audit:cluster=Great-Normalization|audit:mission_ref=mission-21|audit:priority=2|audited:v1|audit:tele_primary=tele-4			engineer	2026-04-18
idea-82	open	great-normalization|base-entity-fields|turnId|m20-phase3|audit:valid=valid|audit:class=tech-debt|audit:scope=systemic|audit:dup=none|audit:split=no|audit:effort=M|audit:value=M|audit:urgency=low|audit:action=backlog|audit:desc=keep|audit:implemented=false|audit:cluster=Great-Normalization|audit:mission_ref=mission-21|audited:v1|audit:tele_primary=tele-3|audit:tele_secondary=tele-2			engineer	2026-04-18
idea-83	open	great-normalization|terminology|status-vs-state|audit:valid=valid|audit:class=tech-debt|audit:scope=systemic|audit:dup=none|audit:split=no|audit:effort=S|audit:value=S|audit:urgency=low|audit:action=ready|audit:desc=keep|audit:implemented=false|audit:cluster=Great-Normalization|audit:mission_ref=mission-21|audited:v1|audit:tele_primary=tele-4			engineer	2026-04-18
idea-84	open	architecture|cognitive-architecture|network-adapter|director|sse|notifications|mission-candidate|roles|protocol|workflow-registry|audit:valid=valid|audit:class=feature-unlock|audit:scope=systemic|audit:dup=none|audit:split=no|audit:effort=L|audit:value=XL|audit:urgency=med|audit:action=needs-proposal|audit:desc=keep|audit:implemented=partial|audit:depends_on=idea-102|audit:sequence=post-universal-port|audited:v1|audit:tele_primary=tele-3|audit:tele_secondary=tele-5			engineer	2026-04-18
idea-85	open	great-normalization|naming|standardization|cleanup|entities|agent-entity|cognitive-architecture|mission-candidate|depends-on-m22|audit:valid=valid|audit:class=tech-debt|audit:scope=systemic|audit:dup=none|audit:split=no|audit:effort=L|audit:value=L|audit:urgency=low|audit:action=needs-proposal|audit:desc=keep|audit:implemented=false|audit:cluster=Great-Normalization|audit:depends_on=mission-21|audit:mission_ref=mission-21|audited:v1|audit:tele_primary=tele-4			engineer	2026-04-18
idea-86	open	director|deferred|adapter-dependency|acp-dependency|mission-24|audit:valid=valid|audit:class=feature-unlock|audit:scope=package|audit:dup=none|audit:split=no|audit:effort=M|audit:value=L|audit:urgency=low|audit:action=needs-proposal|audit:desc=keep|audit:implemented=partial|audit:cluster=Rich-Director-Surface|audit:depends_on=idea-102+idea-84|audited:v1|audit:tele_primary=tele-5	thread-135		unknown	2026-04-18
idea-87	dismissed	duplicate|superseded-by-idea-86|director|deferred|audit:valid=duplicate_of:idea-86|audit:class=feature-unlock|audit:scope=package|audit:dup=duplicate_of:idea-86|audit:split=no|audit:tele_primary=tele-9|audit:effort=S|audit:value=S|audit:urgency=low|audit:action=dismiss|audit:desc=keep|audit:implemented=false|audited:v1	thread-135		engineer	2026-04-18
idea-88	triaged	bug|migrate-to-bug-entity|hub|cascade|sse-dispatch|drift|fixed|mission-24|post-itw|bug-entity-candidate|migrated-to-bug-8|audit:valid=superseded-by-bug:bug-8|migrated-to-bug:bug-8			engineer	2026-04-18
idea-89	triaged	bug|migrate-to-bug-entity|hub|system-policy|drift|review-pipeline|severity-major|mission-cascade-perfection|bug-entity-candidate|migrated-to-bug-9|audit:valid=superseded-by-bug:bug-9|migrated-to-bug:bug-9			engineer	2026-04-18
idea-8	dismissed	architecture|testing			architect	2026-04-12
idea-90	open	threads-2|routing|future-mode|anycast|design-space|not-urgent|adr-016|audit:valid=valid|audit:class=feature-unlock|audit:scope=package|audit:dup=none|audit:split=no|audit:effort=S|audit:value=S|audit:urgency=low|audit:action=backlog|audit:desc=keep|audit:implemented=false|audit:defer_reason=awaiting-use-case|audited:v1|audit:tele_primary=tele-2			engineer	2026-04-19
idea-91	open	threads-2|routing|multicast|dynamic-membership|adr-014|adr-016|deferred|mission-candidate|audit:valid=valid|audit:class=feature-unlock|audit:scope=package|audit:dup=none|audit:split=no|audit:effort=M|audit:value=M|audit:urgency=low|audit:action=needs-proposal|audit:desc=keep|audit:implemented=partial|audit:cluster=Multicast-Dynamic|audit:cluster_role=foundation|audited:v1|audit:tele_primary=tele-2			engineer	2026-04-19
idea-92	open	threads-2|routing|multicast|open-dispatch|adr-016|quick-win|deferred|audit:valid=valid|audit:class=feature-unlock|audit:scope=local|audit:dup=none|audit:split=no|audit:effort=S|audit:value=S|audit:urgency=low|audit:action=backlog|audit:desc=keep|audit:implemented=false|audit:cluster=Multicast-Dynamic|audit:depends_on=idea-91|audited:v1|audit:tele_primary=tele-2			engineer	2026-04-19
idea-93	open	threads-2|cascade|deferred-queue|inv-th25|adr-015|infrastructure-hardening|not-urgent|audit:valid=valid|audit:class=infra-reliability|audit:scope=package|audit:dup=none|audit:split=no|audit:effort=M|audit:value=M|audit:urgency=low|audit:action=ready|audit:desc=keep|audit:implemented=partial|audit:cluster=Cascade-Hardening|audit:cluster_infra=HubJobQueue|audited:v1|audit:tele_primary=tele-7			engineer	2026-04-19
idea-94	open	threads-2|cascade|audit|replay-queue|inv-th26|adr-015|infrastructure-hardening|not-urgent|audit:valid=valid|audit:class=infra-reliability|audit:scope=package|audit:dup=none|audit:split=no|audit:effort=S|audit:value=M|audit:urgency=low|audit:action=ready|audit:desc=keep|audit:implemented=partial|audit:cluster=Cascade-Hardening|audit:cluster_infra=HubJobQueue|audited:v1|audit:tele_primary=tele-7|audit:tele_secondary=tele-3			engineer	2026-04-19
idea-95	open	threads-2|cascade|cross-action-deps|adr-015|class-i|not-urgent|observed-once|audit:valid=valid|audit:class=feature-unlock|audit:scope=package|audit:dup=none|audit:split=no|audit:effort=M|audit:value=M|audit:urgency=low|audit:action=ready|audit:desc=keep|audit:implemented=false|audit:cluster=Cascade-Hardening|audit:impl_note=topological-sort-required|audited:v1|audit:tele_primary=tele-3|audit:tele_secondary=tele-7			engineer	2026-04-19
idea-96	open	threads-2|cascade|cascade-failed|recovery|adr-014|infrastructure-hardening|not-urgent|audit:valid=valid|audit:class=infra-reliability|audit:scope=package|audit:dup=none|audit:split=no|audit:effort=M|audit:value=M|audit:urgency=low|audit:action=ready|audit:desc=keep|audit:implemented=partial|audit:cluster=Cascade-Hardening|audit:cluster_infra=HubJobQueue|audit:impl_note=http-gcs-error-classification|audited:v1|audit:tele_primary=tele-7			engineer	2026-04-19
idea-97	open	adr-017|comms-reliability|durability|gcs|followup|audit:valid=valid|audit:class=infra-reliability|audit:scope=package|audit:dup=none|audit:split=no|audit:effort=M|audit:value=L|audit:urgency=med|audit:action=ready|audit:desc=keep|audit:implemented=false|audited:v1|audit:tele_primary=tele-1			engineer	2026-04-19
idea-98	open	adr-017|comms-reliability|routing-modes|followup|audit:valid=valid|audit:class=infra-reliability|audit:scope=package|audit:dup=none|audit:split=no|audit:effort=S|audit:value=M|audit:urgency=low|audit:action=needs-research|audit:desc=keep|audit:implemented=partial|audited:v1|audit:tele_primary=tele-7			engineer	2026-04-19
idea-99	open	adr-017|comms-reliability|dispatch|followup|audit:valid=valid|audit:class=infra-reliability|audit:scope=systemic|audit:dup=none|audit:split=no|audit:effort=M|audit:value=L|audit:urgency=med|audit:action=ready|audit:desc=keep|audit:implemented=partial|audited:v1|audit:tele_primary=tele-7			engineer	2026-04-19
idea-9	dismissed	frontend|ui			architect	2026-04-12
